,,,,,,,,,,,,,,,URL REFERENCIAL,,,
DATA DE ATUALIZAÇÃO,,,,SITUAÇÃO,AGUARDANDO,,,VALOR TOTAL ESTIMADO:,,,,,,,,,,
CÓDIGO UNIVALI,,ITEM ,,CATEGORIA,,QUANTIDADE,,UNIDADES,,ESPECIFICAÇÃO,,,,,,,,Value
,,Caneta quadro Branco,,ARTESANATO,,4,,PACOTES,,Caneta quadro branco cor Preto,,,,,https://www.magazineluiza.com.br/marcador-quadro-branco-recarregavel-wbma-unidade-pilot/p/fkg1k2219k/pa/cpqb/,,,"R$ 13,26"
,,Conjunto desenho,,ARTESANATO,,5,,PACOTES,,Conjunto para Desenho 1 Grau 1 e 2 Grau,,,,,https://www.magazineluiza.com.br/conjunto-para-desenho-1-grau-1-e-2-grau-c-05-pecas-flexivel-dello/p/ej03119a3g/pa/regu/?&seller_id=emporiosantaterezinhaloja2&utm_source=google&utm_medium=pla&utm_campaign=&partner_id=68055&gclid=CjwKCAjw-vmkBhBMEiwAlrMeFzYJbCTL6MgR0dzJWUo6I47ld0QmK56K4WOk4j2mKhyCwKurRpfBFxoC6XEQAvD_BwE&gclsrc=aw.ds,,,"R$ 0,00"
,,Régua,,ARTESANATO,,5,,UNIDADES,,Regua escolar 50 Cm,,,,,https://www.magazineluiza.com.br/regua-escolar-de-metal-aco-inox-tamanho-50-cm-engenheiro-escritorio-resistente-marcacao-baixo-relevo-negocio-de-genio/p/cad819abf5/pa/regu/,,,"R$ 25,99"
,,Ziper ,,ARTESANATO,,2,,METROS,,"Ziper 2,5 Cm cor azul",,,,,https://www.magazineluiza.com.br/ziper-nylon-fino-fixo-corrente-nacional-25-cm-coats-corrente/p/bjkbkccff7/am/rend/,,,"R$ 2,20"
,,Ziper,,ARTESANATO,,3,,METROS,,"Ziper 2,5 Cm cor preto",,,,,https://www.magazineluiza.com.br/ziper-de-nylon-destacavel-25-cm-armarinho-sg/p/ka4712f004/am/rend/,,,"R$ 1,27"
,,Ziper,,ARTESANATO,,3,,METROS,,"Ziper 2,5 Cm cor Branco ",,,,,https://www.magazineluiza.com.br/ziper-de-nylon-destacavel-25-cm-circulo/p/bc2e5a0c6j/am/avim/,,,"R$ 5,50"
,,Ziper,,ARTESANATO,,2,,METROS,,"Ziper 2,5 Cm cor bege",,,,,https://www.magazineluiza.com.br/ziper-de-nylon-destacavel-25-cm-circulo/p/cdbehha9ee/am/avim/,,,"R$ 5,50"
,,Ziper,,ARTESANATO,,2,,METROS,,"Ziper 2,5 Cm cor vermelho",,,,,https://www.magazineluiza.com.br/ziper-de-nylon-destacavel-25-cm-circulo/p/kh7ae3d7k4/am/avim/,,,"R$ 5,50"
,,Ziper,,ARTESANATO,,2,,METROS,,"Ziper 2,5 Cm cor amarelo",,,,,https://www.armarinhosaojose.com.br/ziper-nylon-fino-com-cordao-25cm--c_10-unidades.63685.html,,,"R$ 5,79"
140100096,,Carretel de Linha,,ARTESANATO,,3,,UNIDADES,,Carretel de linha pequeno cor preto,,,,,https://www.armarinhosaojose.com.br/linha-para-costura-drima-100jds-n126-caixa-c_10-unidades.23667.html,,,"R$ 14,99"
140100096,,Carretel de Linha,,ARTESANATO,,3,,UNIDADES,,Carretel de linha pequeno cor branco,,,,,https://www.armarinhosaojose.com.br/linha-para-costura-drima-100jds-n126-caixa-c_10-unidades.23667.html,,,"R$ 14,99"
140100096,,Carretel de Linha,,ARTESANATO,,3,,UNIDADES,,Carretel de linha pequeno cor Bege,,,,,https://www.armarinhosaojose.com.br/linha-para-costura-drima-100jds-n126-caixa-c_10-unidades.23667.html,,,"R$ 14,99"
140100096,,Carretel de Linha,,ARTESANATO,,3,,UNIDADES,,Carretel de linha pequeno cor marrom,,,,,https://www.armarinhosaojose.com.br/linha-para-costura-drima-100jds-n126-caixa-c_10-unidades.23667.html,,,"R$ 14,99"
,,Agulha Trico,,ARTESANATO,,2,,UNIDADES,,Agulha para trico pequena,,,,,https://www.armarinhosaojose.com.br/agulha-circular-de-trico-intercambiavel-circulo-ebano-de-madeira.99757.html,,,"R$ 42,89"
,,Agulha Trico,,ARTESANATO,,2,,UNIDADES,,Agulha para trico media,,,,,https://www.armarinhosaojose.com.br/agulha-circular-de-trico-intercambiavel-circulo-ebano-de-madeira.99757.html,,,"R$ 42,89"
,,Agulha Trico,,ARTESANATO,,2,,UNIDADES,,Agulha para trico grande,,,,,https://www.armarinhosaojose.com.br/agulha-circular-de-trico-intercambiavel-circulo-ebano-de-madeira.99757.html,,,"R$ 42,89"
,,Novelo de Lã,,ARTESANATO,,2,,KIT,,Kit 5 Novelos Lã Preta,,,,,https://www.carrefour.com.br/kit-5-novelos-la-cisne-dprimera-cor-preto-mp928823164/p,,,"R$ 0,00"
,,Novelo de Lã,,ARTESANATO,,2,,KIT,,Kit 5 Novelos Lã Branca,,,,,https://www.carrefour.com.br/kit-5-novelos-la-cisne-dprimera-cor-branca-mp925117709/p,,,"R$ 0,00"
,,Novelo de Lã,,ARTESANATO,,2,,KIT,,Kit 10 Novelos de Lã Azul ,,,,,https://www.magazineluiza.com.br/la-para-trico-croche-cisne-d-primera-40g-kit-c-10-novelos-coats/p/kj9b4906b5/am/lass/?&seller_id=donapoli,,,"R$ 78,90"
,,Novelo de Lã,,ARTESANATO,,2,,KIT,,Kit 5 Novelos Lã Vermelho,,,,,https://www.magazineluiza.com.br/kit-com-5-novelo-de-la-para-trico-cisne-d-primera-ref-00335-coats-corrente/p/gjjdc22dh0/am/orpa/?&seller_id=caramarela,,,"R$ 42,33"
,,Chapa De mdf,,ARTESANATO,,10,,UNIDADES,,Chapa de mdf 3 MM Cru 40x60,,,,,https://www.madeiramadeira.com.br/kit-10-chapas-de-mdf-cru-3mm-30cm-x-40cm-x-3mm-placa-decoracao-chapa-para-adesivo-sublimacao-296526220.html?,,,"R$ 0,00"
,,Rolo de papel aluminio,,ARTESANATO,,1,,UNIDADES,,Rolo Bobina Papel Alumínio 30cm X 100 Metros,,,,,https://www.amazon.com.br/Rolo-Bobina-Papel-Alumínio-Metros/dp/B0BDST69VJ/ref=asc_df_B0BDST69VJ/?tag=googleshopp00-20&linkCode=df0&hvadid=557926986208&hvpos=&hvnetw=g&hvrand=5674809136111542060&hvpone=&hvptwo=&hvqmt=&hvdev=c&hvdvcmdl=&hvlocint=&hvlocphy=9102254&hvtargid=pla-1810284933006&psc=1,,,"R$ 0,00"
,,Arame,,ARTESANATO,,1,,UNIDADES,,"Rolo de Arame Galvanizado 20 Metros 0,89MM",,,,,https://www.amazon.com.br/ARAME-GALVANIZ-20-0-89MM-ROLO/dp/B0778YB53M/ref=d_pd_sbs_sccl_3_1/145-0689992-2842314?pd_rd_w=B0wog&content-id=amzn1.sym.bc536bd6-e72b-44eb-9471-0bedf0517c03&pf_rd_p=bc536bd6-e72b-44eb-9471-0bedf0517c03&pf_rd_r=R15RCZDP7PHQXM9X0XFG&pd_rd_wg=DgmA7&pd_rd_r=d211343a-df06-4268-ba45-1fc26aa1c252&pd_rd_i=B0778YB53M&psc=1,,,"R$ 0,00"
,,Arame ,,ARTESANATO,,2,,UNIDADES,,"Rolo de arame galvanizado 5 metros 1,65 MM",,,,,https://www.amazon.com.br/ARAME-GALVANIZADO-16-65MM-ROLO/dp/B07SXD472G?source=ps-sl-shoppingads-lpcontext&ref_=fplfs&psc=1&smid=A1ZZFT5FULY4LN,,,"R$ 0,00"
,,Arame,,ARTESANATO,,2,,UNIDADES,,"Rolo de Arame galvanizado 5 metros 2,10 MM",,,,,https://www.amazon.com.br/ARAME-GALVANIZADO-14-10MM-ROLO/dp/B07SW82Y9H/ref=asc_df_B07SW82Y9H/?tag=googleshopp00-20&linkCode=df0&hvadid=379708135353&hvpos=&hvnetw=g&hvrand=1134261349044878584&hvpone=&hvptwo=&hvqmt=&hvdev=c&hvdvcmdl=&hvlocint=&hvlocphy=9102254&hvtargid=pla-1825406780779&psc=1,,,"R$ 0,00"
880600060,,Tecido,,ARTESANATO,,4,,METROS,,"Tecido algodão preto largura de 1,4m",,,,,https://www.maximustecidos.com.br/tecido-tricoline-com-elastano-preto-8329/p,,,"R$ 0,00"
880600060,,Tecido,,ARTESANATO,,4,,METROS,,"Tecido algodão branco largura de 1,4m",,,,,https://www.maximustecidos.com.br/tecido-tricoline-com-elastano-branco-8327/p,,,"R$ 0,00"
880600060,,Tecido,,ARTESANATO,,3,,METROS,,"Tecido Algodão vermelho 1,4m",,,,,https://www.maximustecidos.com.br/tecido-algodao-rustico-com-elastano-vermelho-escuro-628/p,,,"R$ 0,00"
880600060,,Tecido,,ARTESANATO,,3,,METROS,,"Tecido algodão Azul 1,4m",,,,,https://www.maximustecidos.com.br/tecido-tricoline-com-elastano-azul-celeste-8331/p,,,"R$ 0,00"
880600060,,Tecido,,ARTESANATO,,3,,METROS,,"Tecido Algodão Amarelo 1,4m",,,,,https://www.maximustecidos.com.br/tecido-tricoline-100--algodao-amarelo-claro-967/p,,,"R$ 0,00"
,,Cesto de Agulhas,,ARTESANATO,,2,,UNIDADES,,Cesto de agulha tamanhos diferentes,,,,,https://www.amazon.com.br/Agulhas-m%C3%A3o-sortidas-Singer-01125/dp/B002PI751C/ref=sr_1_5?__mk_pt_BR=%C3%85M%C3%85%C5%BD%C3%95%C3%91&crid=3J6ZRIRESY9YB&keywords=agulha+de+costura&qid=1688492491&sprefix=agulhas+de+costur%2Caps%2C245&sr=8-5,,,"R$ 0,00"
680300005,,Rolo de Barbante,,ARTESANATO,,1,,PACOTES,,Pacote com 4 rolos de barabante de algodão preto,,,,,https://www.magazineluiza.com.br/barbante-de-algodao-4-4-4-x82m-pacote-com-4-rolos-valtex/p/db0he45607/am/bcru/?&seller_id=rcdshop&utm_source=google&utm_medium=pla&utm_campaign=&partner_id=69579&gclid=CjwKCAjw-vmkBhBMEiwAlrMeFzrcKQWLHBR3lua55yfIPvam4p2TotcnJ6mmqwR6CHL8F5P30k5G0RoCn4wQAvD_BwE&gclsrc=aw.ds,,,"R$ 0,00"
,,Fita crepe,,ARTESANATO,,3,,UNIDADES,,Fita crepe 24 MM ,,,,,https://www.amazon.com.br/FITA-CREPE-GERAL-ADERE-423S/dp/B0963JBTHG/ref=sr_1_3?__mk_pt_BR=%C3%85M%C3%85%C5%BD%C3%95%C3%91&crid=OJMO7X2P53I7&keywords=fita+crepe+24mm&qid=1688492536&sprefix=agulha+de+costura%2Caps%2C266&sr=8-3,,,"R$ 14,33"
,,Fita crepe,,ARTESANATO,,3,,UNIDADES,,Fita crepe 48 MM ,,,,,https://www.amazon.com.br/Fita-Crepe-48mm-x-50m-TEKBOND-21111048500/dp/B0785157MC/ref=sr_1_1?__mk_pt_BR=%C3%85M%C3%85%C5%BD%C3%95%C3%91&crid=3LK5AIUB2T69G&keywords=fita+crepe+48mm&qid=1688492575&sprefix=fita+crepe+48+mm%2Caps%2C342&sr=8-1,,,"R$ 0,00"
,,Fita durex,,ARTESANATO,,8,,UNIDADES,,Fita durex 24 MM,,,,,https://www.magazineluiza.com.br/fita-pp-24mm-x-50m-3m-durex-transparente-4802-com-5-unidades/p/hhj28ej8eb/pa/pfia/,,,"R$ 15,00"
,,Fita durex,,ARTESANATO,,8,,UNIDADES,,Fita durex 48MM,,,,,https://www.amazon.com.br/Fita-Adesiva-48mm-100m-Transparente/dp/B09WPHWJX5/ref=sr_1_1?__mk_pt_BR=%C3%85M%C3%85%C5%BD%C3%95%C3%91&crid=LMIUDV8IYYSK&keywords=fita+durex+48mm&qid=1688492612&sprefix=fita+durex+48mm%2Caps%2C270&sr=8-1&ufe=app_do%3Aamzn1.fos.6d798eae-cadf-45de-946a-f477d47705b9,,,"R$ 29,90"
,,TNT,,ARTESANATO,,1,,UNIDADES,,"Tnt preto 40g 10 Metros 1,40 largura",,,,,https://www.amazon.com.br/TNT-40g-Metros-largura-Preto/dp/B0BSR3Z75B/ref=asc_df_B0BSR3Z75B/?tag=googleshopp00-20&linkCode=df0&hvadid=647622609761&hvpos=&hvnetw=g&hvrand=7366965815107410347&hvpone=&hvptwo=&hvqmt=&hvdev=c&hvdvcmdl=&hvlocint=&hvlocphy=9102254&hvtargid=pla-1968555777568&psc=1,,,"R$ 0,00"
,,TNT,,ARTESANATO,,1,,UNIDADES,,"Tnt Branco 40g 10 Metros 1,40 largura",,,,,https://www.amazon.com.br/TNT-40g-Metros-largura-Preto/dp/B0BSR4DX2F/ref=asc_df_B0BSR3Z75B/?tag=googleshopp00-20&linkCode=df0&hvadid=647622609761&hvpos=&hvnetw=g&hvrand=7366965815107410347&hvpone=&hvptwo=&hvqmt=&hvdev=c&hvdvcmdl=&hvlocint=&hvlocphy=9102254&hvtargid=pla-1968555777568&th=1,,,"R$ 0,00"
,,TNT,,ARTESANATO,,1,,UNIDADES,,"Tnt Azul 40g 10 Metros 1,40 largura",,,,,https://www.amazon.com.br/TNT-40g-Metros-largura-Preto/dp/B0BSR3RNV1/ref=asc_df_B0BSR3Z75B/?tag=googleshopp00-20&linkCode=df0&hvadid=647622609761&hvpos=&hvnetw=g&hvrand=7366965815107410347&hvpone=&hvptwo=&hvqmt=&hvdev=c&hvdvcmdl=&hvlocint=&hvlocphy=9102254&hvtargid=pla-1968555777568&th=1,,,"R$ 19,90"
,,TNT,,ARTESANATO,,1,,UNIDADES,,"Tnt Pink 40g 10 Metros 1,40 largura",,,,,https://www.amazon.com.br/TNT-40g-Metros-largura-Preto/dp/B0BSR38DQN/ref=asc_df_B0BSR3Z75B/?tag=googleshopp00-20&linkCode=df0&hvadid=647622609761&hvpos=&hvnetw=g&hvrand=7366965815107410347&hvpone=&hvptwo=&hvqmt=&hvdev=c&hvdvcmdl=&hvlocint=&hvlocphy=9102254&hvtargid=pla-1968555777568&th=1,,,"R$ 0,00"
,,TNT,,ARTESANATO,,1,,UNIDADES,,"Tnt Amarelo 40g 10 Metros 1,40 largura",,,,,https://www.amazon.com.br/TNT-40g-Metros-largura-Preto/dp/B0BSR3NXB5/ref=asc_df_B0BSR3Z75B/?tag=googleshopp00-20&linkCode=df0&hvadid=647622609761&hvpos=&hvnetw=g&hvrand=7366965815107410347&hvpone=&hvptwo=&hvqmt=&hvdev=c&hvdvcmdl=&hvlocint=&hvlocphy=9102254&hvtargid=pla-1968555777568&th=1,,,"R$ 0,00"
680300582,,EVA,,ARTESANATO,,5,,UNIDADES,,"Placa de eva 1,5 MM tamanho 40x48 Azul",,,,,https://www.armarinhosaojose.com.br/placa-de-eva-haiti-liso-15mm-40x60cm-com-10-und.99777.html,,,"R$ 0,00"
680300582,,EVA,,ARTESANATO,,5,,UNIDADES,,"Placa de eva 1,5 MM tamanho 40x48 Preto",,,,,https://www.armarinhosaojose.com.br/placa-de-eva-haiti-liso-15mm-40x60cm-com-10-und.99777.html,,,"R$ 19,99"
680300582,,EVA,,ARTESANATO,,5,,UNIDADES,,"Placa de eva 1,5 MM tamanho 40x48 Branco",,,,,https://www.armarinhosaojose.com.br/placa-de-eva-haiti-liso-15mm-40x60cm-com-10-und.99777.html,,,"R$ 19,99"
680300582,,EVA,,ARTESANATO,,5,,UNIDADES,,"Placa de eva 1,5 MM tamanho 40x48 Vermelho",,,,,https://www.armarinhosaojose.com.br/placa-de-eva-haiti-liso-15mm-40x60cm-com-10-und.99777.html,,,"R$ 19,99"
680300582,,EVA,,ARTESANATO,,5,,UNIDADES,,"Placa de eva 1,5 MM tamanho 40x48 Amarelo",,,,,https://www.armarinhosaojose.com.br/placa-de-eva-haiti-liso-15mm-40x60cm-com-10-und.99777.html,,,"R$ 19,99"
680300582,,EVA,,ARTESANATO,,5,,UNIDADES,,"Placa de eva 1,5 MM tamanho 40x48 Laranja",,,,,https://www.armarinhosaojose.com.br/placa-de-eva-haiti-liso-15mm-40x60cm-com-10-und.99777.html,,,"R$ 19,99"
680300281,,Folha de Officio ,,ARTESANATO,,1,,PACOTES,,Pacote de folhas de officio A4 Branco 500Folhas,,,,,https://www.amazon.com.br/Papel-sulfite-chamex-office-A4/dp/B01CZXF4XW/ref=sr_1_1?keywords=papel+oficio+a4+500+folhas&qid=1688492978&sr=8-1,,,"R$ 19,99"
,,Folha de Officio ,,ARTESANATO,,1,,PACOTES,,Pacote folhas de officio A4 Azul,,,,,https://www.magazineluiza.com.br/papel-sulfite-a4-colorido-offset-180g-60k-azul-50fls-filiperson/p/ab1c4ej988/pa/pslt/,,,"R$ 0,00"
,,Folha de Officio ,,ARTESANATO,,1,,PACOTES,,Pacote de folhas de officio A4 vermelho,,,,,https://www.magazineluiza.com.br/papel-a4-color-usapel-vermelho-180g-pct-com-50-gna/p/kbe0b38933/pa/pais/,,,"R$ 26,58"
,,Folha de Officio ,,ARTESANATO,,1,,PACOTES,,Pacote de folhas de officio A4 preto,,,,,https://www.magazineluiza.com.br/papel-magico-preto-colorido-para-fazer-desenhos-pacote-unidade-off-paper/p/eb725bhjek/pa/pais/,,,"R$ 21,00"
,,Folha de Officio ,,ARTESANATO,,1,,PACOTES,,Pacote de folhas de officio A4 Verde,,,,,https://www.magazineluiza.com.br/papel-sulfite-para-impressao-colorido-a4-75gr-verde-500-folhas-chamex/p/bjgajek04c/pa/pslt/,,,"R$ 12,99"
,,Palitos de dente,,ARTESANATO,,3,,PACOTES,,Pacote de palitos de dente 1000 unidade,,,,,https://www.magazineluiza.com.br/palito-de-dente-de-madeira-gina-sache-individual-1000-un/p/gehd01eg5c/me/ptod/,,,"R$ 26,90"
860200069,,Palitos de picole,,ARTESANATO,,3,,PACOTES,,Palito Picolé Sorvete Escolar Artesanato Ponta Redonda,,,,,https://www.magazineluiza.com.br/1000-palito-picole-sorvete-escolar-artesanato-ponta-redonda-theoto/p/ebajfh56gc/af/ppic/,,,"R$ 24,22"
,,Prendedor de roupas,,ARTESANATO,,7,,PACOTES,,Pacote de prendedor de roupas com 20 de madeira,,,,,https://www.magazineluiza.com.br/prendedor-de-bambu-pregador-pacote-prendedores-pregadores-roupas-kit-c-20-unidades-planeta/p/ce87fg4083/ud/pdro/,,,"R$ 32,90"
,,Tubo PVC,,ARTESANATO,,5,,UNIDADES,,Tubo pvc Tamanho 150 MM por 1m,,,,,https://www.magazineluiza.com.br/tubo-pvc-esgoto-plastilit-serie-normal-150mm-3m/p/fa2a20j7fj/cj/tues/,,,"R$ 9,90"
,,Tubo PVC,,ARTESANATO,,5,,UNIDADES,,Tubo pvc Tamanho 200MM por 1m,,,,,https://www.magazineluiza.com.br/tubo-pvc-esgoto-200mm-6m-branco-tigre/p/jhka57b8jj/cj/tues/,,,"R$ 103,02"
,,Conexão T ,,ARTESANATO,,10,,UNIDADES,,Conexão em formato T para tubo pvc 150mm,,,,,https://www.magazineluiza.com.br/te-esgoto-pvc-150mm-amanco/p/ddg19070ac/cj/cteg/,,,"R$ 571,90"
,,Conexão T ,,ARTESANATO,,10,,UNIDADES,,Conexão em formato T para tubo pvc 200mm,,,,,https://www.magazineluiza.com.br/joelho-45-esgoto-200mm-amanco/p/fe16hg9fjc/cj/joeg/,,,"R$ 89,90"
,,Joelho Pvc,,ARTESANATO,,10,,UNIDADES,,Joelho conexão pvc 150mm,,,,,https://www.magazineluiza.com.br/joelho-45-esgoto-150mm-amanco/p/cb83k2560d/cj/joeg/,,,"R$ 357,66"
,,Joelho Pvc,,ARTESANATO,,10,,UNIDADES,,Joelho conexão pvc 200mm,,,,,https://www.magazineluiza.com.br/joelho-45-esgoto-200mm-amanco/p/gba944eg51/cj/joeg/,,,"R$ 48,28"
,,Papel Pardo,,ARTESANATO,,15,,METROS,,Rolo de papel pardo de 50m x 60cm,,,,,https://www.amazon.com.br/Papel-Kraft-Largura-Metros-Monolucido/dp/B0BPFF8XBG/ref=asc_df_B0BPFF8XBG/?tag=googleshopp00-20&linkCode=df0&hvadid=379749414694&hvpos=&hvnetw=g&hvrand=13207218941581049599&hvpone=&hvptwo=&hvqmt=&hvdev=c&hvdvcmdl=&hvlocint=&hvlocphy=9102254&hvtargid=pla-1946421976743&psc=1,,,"R$ 109,22"
,,Estopa de algodão,,ARTESANATO,,2,,PACOTES,,Estopa de algodão para polimento 1 kg 100% algodão,,,,,https://www.magazineluiza.com.br/estopa-para-polimento-1kg-100-algodao-kit-com-3-unidades-allfra/p/ch8j4kj53b/au/estt/?&seller_id=olistsp&utm_source=google&utm_medium=pla&utm_campaign=&partner_id=69579&gclid=CjwKCAjw-vmkBhBMEiwAlrMeF5c1y0hE4CKQ0FA-R0P7vho3jz2XPjG8z-IWku5kDDfaC6wspHPlzxoCCnkQAvD_BwE&gclsrc=aw.ds,,,"R$ 0,00"
,,Imã,,ARTESANATO,,10,,UNIDADES,,Imã de neodinio formato de anel 4x5mm,,,,,https://www.lojadoima.com.br/ima-neodimio-anel-10x4x5-n35/p,,,"R$ 38,01"
,,Imã,,ARTESANATO,,10,,UNIDADES,,Imã de neodinio formato de esfera 8mm,,,,,https://www.lojadoima.com.br/ima-neodimio-8mm-n35/p,,,"R$ 0,00"
,,Imã,,ARTESANATO,,10,,UNIDADES,,Imã de neodinio formato de disco 10x1mm,,,,,https://www.lojadoima.com.br/ima-neodimio-disco-10x1-n35/p,,,"R$ 0,00"
,,Imã,,ARTESANATO,,30,,UNIDADES,,Imã formato de bloco 12x4x2mm,,,,,https://www.lojadoima.com.br/ima-neodimio-bloco-12x4x2-n35/p,,,"R$ 0,00"
,,Imã,,ARTESANATO,,10,,UNIDADES,,"Imã de neodinio adesivado formato de disco 10x0,6mm",,,,,https://www.lojadoima.com.br/ima-neodimio-disco-10x06-adesivado-n35/p,,,"R$ 0,00"
,,Placa de acrilico ,,ARTESANATO,,10,,UNIDADES,,Placa de acrilico transparente 3mm 100x50cm,,,,,http://www.lojadopoli.com/acrilico/transparente-cristal/2mm/placa-de-acrilico-transparente-100cm-x-50cm-espessura-2mm-chapa-de-acrilico-cristal-incolor?parceiro=7499&gclid=CjwKCAjw-vmkBhBMEiwAlrMeF-DRKt-EHjL2rm5stwTQx0Ih1oPDmJLh2LvwrPpW2hn3kqlAwwhavRoCojYQAvD_BwE,,,"R$ 0,00"
,,Tinta para tecido,,ARTESANATO,,3,,UNIDADES,,Tinta para tecido na cor preto,,,,,https://www.armarinhosaojose.com.br/tinta-acrilex-para-tecido-fosca-ref4125-250ml.23640.html,,,"R$ 0,00"
,,Tinta para tecido,,ARTESANATO,,3,,UNIDADES,,Tinta para tecido na cor azul,,,,,https://www.armarinhosaojose.com.br/tinta-acrilex-para-tecido-fosca-ref4125-250ml.23640.html,,,"R$ 0,00"
,,Tinta para tecido,,ARTESANATO,,3,,UNIDADES,,Tinta para tecido na cor vermelho,,,,,https://www.armarinhosaojose.com.br/tinta-acrilex-para-tecido-fosca-ref4125-250ml.23640.html,,,"R$ 23,49"
,,Tinta para tecido,,ARTESANATO,,3,,UNIDADES,,Tinta para tecido na cor amarelo,,,,,https://www.armarinhosaojose.com.br/tinta-acrilex-para-tecido-fosca-ref4125-250ml.23640.html,,,"R$ 23,49"
,,Tinta spray,,ARTESANATO,,2,,UNIDADES,,Tinta spray na cor Preto,,,,,https://www.armarinhosaojose.com.br/tinta-spray-brilhante-super-color-uso-geral-350ml--tekbond.57636.html,,,"R$ 23,49"
,,Tinta spray,,ARTESANATO,,2,,UNIDADES,,Tinta spray na cor azul,,,,,https://www.armarinhosaojose.com.br/tinta-spray-super-color-uso-geral-350ml--tekbond.61435.html,,,"R$ 23,49"
,,Tinta spray,,ARTESANATO,,2,,UNIDADES,,Tinta spray na cor Prata,,,,,https://www.armarinhosaojose.com.br/tinta-spray-brilhante-super-color-uso-geral-350ml--tekbond.57636.html,,,"R$ 23,89"
,,Tinta spray,,ARTESANATO,,2,,UNIDADES,,Tinta spray na cor branca,,,,,https://www.armarinhosaojose.com.br/tinta-spray-brilhante-super-color-uso-geral-350ml--tekbond.57636.html,,,"R$ 23,89"
,,Tinta spray,,ARTESANATO,,2,,UNIDADES,,Tinta spray na cor vermelha,,,,,https://www.armarinhosaojose.com.br/tinta-spray-super-color-uso-geral-350ml--tekbond.61435.html,,,"R$ 23,89"
,,Clips,,ARTESANATO,,1,,CAIXA,,"Clips Galvanizado, Aço 2 1100 Unidades",,,,,https://www.amazon.com.br/Bacchi-10032-Clips-Galvanizado-Multicolor/dp/B0778S86G5/ref=asc_df_B0778S86G5/?tag=googleshopp00-20&linkCode=df0&hvadid=379816281275&hvpos=&hvnetw=g&hvrand=13331891888027102772&hvpone=&hvptwo=&hvqmt=&hvdev=c&hvdvcmdl=&hvlocint=&hvlocphy=9102254&hvtargid=pla-914178903534&psc=1,,,"R$ 23,89"
,,Clips ,,ARTESANATO,,2,,CAIXA,,Clips colorido tamanho 2 caixa com 50 Unidades,,,,,https://www.amazon.com.br/Bacchi-10032-Clips-Galvanizado-Multicolor/dp/B0778S86G5/ref=asc_df_B0778S86G5/?tag=googleshopp00-20&linkCode=df0&hvadid=379816281275&hvpos=&hvnetw=g&hvrand=6120121451704374154&hvpone=&hvptwo=&hvqmt=&hvdev=c&hvdvcmdl=&hvlocint=&hvlocphy=9102260&hvtargid=pla-914178903534&psc=1,,,"R$ 23,89"
,,Abraçadeira,,ARTESANATO,,5,,PACOTES,,"Abraçadeira de nylon Abraçadeira Nylon 200X2,5 Branco",,,,,https://www.amazon.com.br/Clips-Colorido-com-Unidades-BRW/dp/B091ZDJPN3/ref=asc_df_B091ZDJPN3/?tag=googleshopp00-20&linkCode=df0&hvadid=379727275174&hvpos=&hvnetw=g&hvrand=6120121451704374154&hvpone=&hvptwo=&hvqmt=&hvdev=c&hvdvcmdl=&hvlocint=&hvlocphy=9102260&hvtargid=pla-1720161618399&psc=1,,,"R$ 0,00"
,,Grampeador,,ARTESANATO,,1,,UNIDADES,,Grampeador Manual Em Plastico Para Grampos Tipo 53 De 8mm,,,,,https://www.amazon.com.br/Grampeador-Tapeceiro-Profissional-Fertak-Tools/dp/B079Z8DC21/ref=asc_df_B079Z8DC21/?tag=googleshopp00-20&linkCode=df0&hvadid=379787065820&hvpos=&hvnetw=g&hvrand=11930890319011711721&hvpone=&hvptwo=&hvqmt=&hvdev=c&hvdvcmdl=&hvlocint=&hvlocphy=9102254&hvtargid=pla-1426598029096&psc=1,,,"R$ 0,00"
,,Grampos,,ARTESANATO,,1,,CAIXA,,"Grampos 26/8 , Galvanizado caixa com 5000",,,,,https://www.amazon.com.br/CIS-34-2300-Grampo-Galvanizado/dp/B078462QK9/ref=asc_df_B078462QK9/?tag=googleshopp00-20&linkCode=df0&hvadid=379792732241&hvpos=&hvnetw=g&hvrand=3045529094806277014&hvpone=&hvptwo=&hvqmt=&hvdev=c&hvdvcmdl=&hvlocint=&hvlocphy=9102260&hvtargid=pla-910672789648&psc=1,,,"R$ 0,00"
,,Pincel,,ARTESANATO,,3,,PACOTES,,Jogo de Pincéis para Pintura,,,,,https://www.lojadomecanico.com.br/produto/247546/31/350/Jogo-de-Pinceis-para-Pintura-com-5-Unidades/153/?utm_source=googleshopping&utm_campaign=xmlshopping&utm_medium=cpc&utm_content=247546&srsltid=ASuE1wSvyx-hxLBFqcOcLreNILkw3E1URnkFm6WALW1K31a4P36Wxgsydo8,,,"R$ 0,00"
,,Regua,,ARTESANATO,,2,,UNIDADES,,Escala Métrica Dobrável de Madeira 2m,,,,,https://www.lojadomecanico.com.br/produto/187356/31/269/Escala-Metrica-Dobravel-de-Madeira-2m-/153/?utm_source=googleshopping&utm_campaign=xmlshopping&utm_medium=cpc&utm_content=187356&gclid=CjwKCAjw-vmkBhBMEiwAlrMeFwOimQJPmNF78U-HKdPCuvDJYbLrutrtZvWaJECKGL_38Jd2aewJZBoCydMQAvD_BwE,,,"R$ 0,00"
,,Fita metrica,,ARTESANATO,,1,,UNIDADES,,Fita Métrica 3 Metros Dupla Escala Cm e Pol,,,,,https://www.magazineluiza.com.br/fita-metrica-3-metros-dupla-escala-cm-e-pol-costura-medida-corporal-levolpe/p/cck2903k69/am/fitm/?&seller_id=wmpatchworkecostura&utm_source=google&utm_medium=pla&utm_campaign=&partner_id=70403&gclid=CjwKCAjw-vmkBhBMEiwAlrMeF50E8INH7sfJPhACenRx0pUeJExtf_pjkZk7t-hhT90mwgs5G66GsRoCw6cQAvD_BwE&gclsrc=aw.ds,,,"R$ 0,00"
,,Lixa de unha,,ARTESANATO,,1,,PACOTES,,Kit lixa para unhas eco tradicional,,,,,https://www.magazineluiza.com.br/kit-lixa-para-unhas-eco-tradicional-com-60-unidades-sheila/p/ej527bde61/pf/lxhn/?&seller_id=lojakopeck&utm_source=google&utm_medium=pla&utm_campaign=&partner_id=68213&gclid=CjwKCAjw-vmkBhBMEiwAlrMeF7pglLuudAs0UjGl21b0NNYbuMdcyUMyZxQHr7q4ogbGgU7IPcJL0BoCTucQAvD_BwE&gclsrc=aw.ds,,,"R$ 0,00"
,,Espatula,,MARCENARIA,,1,,UNIDADES,,Espátula Aço Inox Lisa,,,,,https://www.amazon.com.br/Espátula-Aço-Inox-Lisa-4-3/dp/B07GFGFNR1/ref=asc_df_B07GFGFNR1/?tag=googleshopp00-20&linkCode=df0&hvadid=379699300471&hvpos=&hvnetw=g&hvrand=7279573785957190978&hvpone=&hvptwo=&hvqmt=&hvdev=c&hvdvcmdl=&hvlocint=&hvlocphy=9102254&hvtargid=pla-915344555748&psc=1,,,"R$ 9,90"
,,Formão,,MARCENARIA,,1,,PACOTES,,Kit jogo de formão ,,,,,https://www.magazineluiza.com.br/jogo-de-formao-western-borda-chanfrada-4-pecas-lamina-aco/p/jch0d5g8hc/fs/form/?&seller_id=desicon&utm_source=google&utm_medium=pla&utm_campaign=&partner_id=69579&gclid=CjwKCAjw-vmkBhBMEiwAlrMeF7CGv-jug103_1yy-VY7NQygCyo5utO02ybR0tSK20azVXxeruk6ARoCpeUQAvD_BwE&gclsrc=aw.ds,,,"R$ 35,90"
,,Lixa de madeira,,MARCENARIA,,5,,UNIDADES,,Lixa para madeira Gramatura 80,,,,,https://www.magazineluiza.com.br/lixa-para-madeira-225x275cm-gramatura-marrom-080-norton/p/aghcg5k9f2/cj/lxma/,,,"R$ 0,00"
,,Lixa de madeira,,MARCENARIA,,5,,UNIDADES,,Lixa para madeira gramatura 120,,,,,https://www.magazineluiza.com.br/lixa-para-madeira-225x275cm-gramatura-marrom-120-norton/p/bc6e1jh433/cj/tiac/,,,"R$ 43,87"
,,Lixa de madeira,,MARCENARIA,,5,,UNIDADES,,Lixa para madeira gramatura 180,,,,,https://www.magazineluiza.com.br/lixa-para-madeira-225x275cm-gramatura-marrom-180-norton/p/kcdb9bd6g3/cj/tiac/,,,"R$ 0,99"
,,Lixa de madeira,,MARCENARIA,,5,,UNIDADES,,Lixa para madeira gramatura 220,,,,,https://www.magazineluiza.com.br/lixa-para-madeira-gramatura-220-em-folha-klingspor/p/ah0hcf985c/cj/lxma/,,,"R$ 0,79"
,,Lixa de ferro,,MARCENARIA,,5,,UNIDADES,,Lixa para ferro gramatura 80,,,,,https://www.magazineluiza.com.br/lixa-para-ferro-norton-gr-80/p/cjbeeh2g5a/cj/lxfe/,,,"R$ 0,79"
,,Lixa de ferro,,MARCENARIA,,5,,UNIDADES,,Lixa para ferro gramatura 120,,,,,https://www.magazineluiza.com.br/lixa-de-ferro-120-norton/p/jbhj09033j/cj/lxfe/,,,"R$ 2,38"
,,Lixa de ferro,,MARCENARIA,,5,,UNIDADES,,Lixa para ferro gramatura 180,,,,,https://www.magazineluiza.com.br/lixa-para-ferro-k246-180-norton/p/kkahge8h9b/cj/lxfe/,,,"R$ 1,50"
,,Lixa de ferro,,MARCENARIA,,5,,UNIDADES,,Lixa para ferro gramatura 220,,,,,https://www.magazineluiza.com.br/lixa-para-ferro-gr-220-folha-225x275mm-k-246-norton/p/fcfg4380dj/cj/lxfe/,,,"R$ 7,90"
,, Broca Madeira,,MARCENARIA,,1,,PACOTES,,Kit de brocas para madeira ,,,,,https://www.magazineluiza.com.br/kit-50-brocas-aco-rapido-madeira-aluminio-plastico-1-a-3-mm-pogala/p/ak5g468f3k/fs/fbrc/,,,"R$ 4,20"
,, Broca vídea ,,MARCENARIA,,1,,PACOTES,,Kit de brocas de videa ,,,,,https://www.magazineluiza.com.br/jogo-kit-8-brocas-com-widia-vidia-videa-parede-furadeira-eda/p/ceg2gjc9ej/fs/fbrc/,,,"R$ 2,12"
,,Broca Cerra copo,,MARCENARIA,,1,,PACOTES,,Kit de brocas cerra copo ,,,,,https://www.magazineluiza.com.br/kit-broca-serra-copo-diamantada-6mm-a-50mm-porcelanato-vidro-ceramica-fertak/p/ffefg42g03/fs/fbrc/,,,"R$ 39,98"
,, Broca Serpentina ,,MARCENARIA,,1,,PACOTES,,Kit de brocas serpentina,,,,,https://www.magazineluiza.com.br/conjunto-de-brocas-serpentinas-com-5-pecas-d75677-makita/p/cdj01cek3a/fs/jgdb/,,,"R$ 29,90"
,, Broca Diamantada,,MARCENARIA,,1,,PACOTES,,Kit de brocas diamantadas,,,,,https://www.magazineluiza.com.br/kit-10-brocas-diamantadas-6-a-50mm-fura-vidro-marmore-piso-ceramica-granito-gt847-lorben/p/hh879ejk1e/fs/fbrc/,,,"R$ 194,04"
,,Broca escariadora,,MARCENARIA,,1,,PACOTES,,Kit broca escariadora ,,,,,https://www.magazineluiza.com.br/kit-5-brocas-escariadora-escareadora-para-madeira-furadeira-conica-ferro-6-a-19mm-ferramenta-revestida-em-titanio-lugatools/p/hdk71g9993/fs/fbrc/,,,"R$ 108,90"
,,Broca Chata,,MARCENARIA,,1,,PACOTES,,Kit de broca chata,,,,,https://www.magazineluiza.com.br/kit-broca-chata-madeira-longa-furadeira-10-a-25mm-aco-carbono-sparta/p/ejba94b5g4/fs/fbrc/,,,"R$ 115,00"
,,Prego,,MARCENARIA,,1,,KG,,Prego 18 X 30 C/Cabeca - ARCELORMITTAL,,,,,https://www.lojadomecanico.com.br/produto/280102/37/466/prego--18-x-30-ccabeca-arcelormittal-280102,,,"R$ 37,50"
,,Prego,,MARCENARIA,,1,,KG,,Prego 10 X 10 C/Cabeca - ARCELORMITTAL,,,,,https://www.lojadomecanico.com.br/produto/280458/37/466/prego--10-x-10-ccabeca-arcelormittal-280458,,,"R$ 28,92"
,,Prego,,MARCENARIA,,1,,KG,,Prego 17 X 27 C/Cabeca - ARCELORMITTAL,,,,,https://www.lojadomecanico.com.br/produto/280415/37/466/prego--17-x-27-ccabeca-arcelormittal-280415,,,"R$ 0,00"
,,Parafuso,,MARCENARIA,,1,,CAIXA,,"PARAFUSO MADEIRA PHILIPS CHATA CISER 4,5X16MM 500 unidades",,,,,https://www.amazon.com.br/Parafuso-Madeira-Chipboard-Bicromatizado-Unidades/dp/B0C43THQS8/ref=sr_1_1?__mk_pt_BR=%C3%85M%C3%85%C5%BD%C3%95%C3%91&crid=XLNHY76WM4O8&keywords=PARAFUSO+MADEIRA+PHILIPS+CHATA+4%2C5X16MM&qid=1688497329&sprefix=parafuso+madeira+philips+chata+ciser+4+5x16mm%2Caps%2C225&sr=8-1,,,"R$ 0,00"
,,Parafuso,,MARCENARIA,,5,,CAIXA,,"Parafuso Chipboard Cabeça Chata Madeira 4,5x45mm 100 Unidades",,,,,https://www.amazon.com.br/Parafuso-Cabe%C3%A7a-Chata-Philips-0x40mm/dp/B078GSS8Y9/ref=sr_1_1?__mk_pt_BR=%C3%85M%C3%85%C5%BD%C3%95%C3%91&crid=2U2DAE6MVQFFM&keywords=PARAFUSO+MADEIRA+PHILIPS+CHATA+4%2C5X45MM&qid=1688497383&sprefix=parafuso+madeira+philips+chata+4+5x4mm%2Caps%2C258&sr=8-1,,,"R$ 0,00"
,,Parafuso,,MARCENARIA,,5,,CAIXA,,"Parafuso 5,0x80 para Madeira Chipboard Cabeça Chata Philips 100 unidades",,,,,https://www.amazon.com.br/Parafuso-Madeira-Chipboard-Bicromatizado-Unidades/dp/B0C6YG2XM2/ref=sr_1_1?__mk_pt_BR=%C3%85M%C3%85%C5%BD%C3%95%C3%91&crid=1DK10UQK4LJ5M&keywords=PARAFUSO+MADEIRA+PHILIPS+CHATA+5X80MM&qid=1688497451&sprefix=parafuso+madeira+philips+chata+5x80mm%2Caps%2C294&sr=8-1,,,"R$ 0,00"
,,Porca,,MARCENARIA,,3,,PACOTES,,Porca Sextavada De 3/16'' Rosca Unica,,,,,https://www.leroymerlin.com.br/porca-sextavada-de-3-16-rosca-unc-c--20-pecas-vonder_1569974301?region=outros,,,"R$ 0,00"
,,Porca,,MARCENARIA,,1,,PACOTES,,"Porca Sextavada 3/8"" NC Zincada",,,,,https://www.magazineluiza.com.br/porca-sextavada-3-8-nc-zincada-pacote-com-100-pecas-vonder/p/jb6e97302d/fs/pork/?seller_id=agrometal&utm_source=google&utm_medium=pla&utm_campaign=&partner_id=68055&gclid=Cj0KCQjwho-lBhC_ARIsAMpgMoeB3u2Qm8XBxJhPFX0hBVy-WeRLEhwJFQ5PMzJELdq9Skthytye0hAaAgr0EALw_wcB&gclsrc=aw.ds,,,"R$ 0,00"
,,Porca,,MARCENARIA,,1,,PACOTES,,Porca Sextavada 1/4 Zincada,,,,,https://www.magazineluiza.com.br/porca-sextavada-1-4-zincada-chave-10-unc20-pacote-c-500-parauso/p/db5keekh8e/fs/pork/?&seller_id=parausodistribuidora&utm_source=google&utm_medium=pla&utm_campaign=&partner_id=69098&gclid=Cj0KCQjwho-lBhC_ARIsAMpgMoc1FC-ETdVXNkxlRDuSbdYf5fGUhNKFCYmcgeoe4TxJ1Bshci3_UJYaAomlEALw_wcB&gclsrc=aw.ds,,,"R$ 0,00"
,,Bucha,,MARCENARIA,,3,,PACOTES,,"Bucha de Fixação com Anel, 8 mm",,,,,https://www.amazon.com.br/Fixtil-Bucha-Fixação-Anel-unidades/dp/B0994QD7X4/ref=asc_df_B0994QD7X4/?tag=googleshopp00-20&linkCode=df0&hvadid=379728571618&hvpos=&hvnetw=g&hvrand=7190465806666068811&hvpone=&hvptwo=&hvqmt=&hvdev=c&hvdvcmdl=&hvlocint=&hvlocphy=9102260&hvtargid=pla-1570637469519&psc=1,,,"R$ 31,60"
,,Bucha,,MARCENARIA,,3,,PACOTES,,Bucha de fixação 10mm,,,,,https://www.magazineluiza.com.br/buchas-10mm-s10-pacote-500-ivplast/p/gd2h33eb75/au/otau/?&seller_id=clickferragem&utm_source=google&utm_medium=pla&utm_campaign=&partner_id=68055&gclid=Cj0KCQjwho-lBhC_ARIsAMpgModVUN4ufWwwK5qzBoSdYZG2CXyKrgoHV4MDxSy0DjSq3l3nxLra4ygaAkhWEALw_wcB&gclsrc=aw.ds,,,"R$ 80,93"
,,Bucha,,MARCENARIA,,3,,PACOTES,,Bucha De Fixação 6mm,,,,,https://www.amazon.com.br/Bucha-Fixação-Tijolo-Furado-unidades/dp/B07NZXB16L/ref=asc_df_B07NZXB16L/?tag=googleshopp00-20&linkCode=df0&hvadid=379707760218&hvpos=&hvnetw=g&hvrand=7655821259363972799&hvpone=&hvptwo=&hvqmt=&hvdev=c&hvdvcmdl=&hvlocint=&hvlocphy=9102260&hvtargid=pla-2138716443752&psc=1,,,"R$ 7,63"
,,Gaveteiro Plástico ,,ORGANIZAÇÃO,,12,,UNIDADES,,Gaveteiro Plástico Modelo Prático Nº 3 Azul,,,,,https://www.amazon.com.br/Gaveteiro-Plástico-Modelo-Prático-VDO2662/dp/B0777NRNRN/ref=d_pd_sbs_sccl_3_1/145-0689992-2842314?pd_rd_w=SfFJt&content-id=amzn1.sym.bc536bd6-e72b-44eb-9471-0bedf0517c03&pf_rd_p=bc536bd6-e72b-44eb-9471-0bedf0517c03&pf_rd_r=TEPQM8YF15D9G6EVDHQS&pd_rd_wg=aGUaG&pd_rd_r=384883d2-f887-4de0-8cd2-6f9fae4d3add&pd_rd_i=B0777NRNRN&psc=1,,,"R$ 43,94"
,,Cabo usb mini B,,ELETRONICA,,1,,UNIDADES,,"Cabo usb mini B 0,5M",,,,,https://www.amazon.com.br/Cabo-Mini-Macho-Para-Femea/dp/B076V75CDQ/ref=sr_1_8?__mk_pt_BR=%C3%85M%C3%85%C5%BD%C3%95%C3%91&crid=RNUJK0WC70AU&keywords=Cabo+usb+mini+B+0%2C5M&qid=1688496112&sprefix=cabo+usb+mini+b+0+5m%2Caps%2C195&sr=8-8,,,"R$ 0,00"
,,Cabo usb mini B,,ELETRONICA,,1,,UNIDADES,,Cabo usb mini B 1M,,,,,https://www.amazon.com.br/UGreen-Cabo-Mini-Canon-Blue/dp/B00P0GI68M/ref=sr_1_1?__mk_pt_BR=%C3%85M%C3%85%C5%BD%C3%95%C3%91&crid=I4GVEJMP7MHI&keywords=Cabo+usb+mini+B+1M&qid=1688496090&sprefix=cabo+usb+mini+b+1m%2Caps%2C230&sr=8-1,,,"R$ 39,64"
,,Cabo usb mini B,,ELETRONICA,,1,,UNIDADES,,"Cabo usb mini B 1,8M",,,,,https://www.amazon.com.br/Mini-cabo-PC-USB1803-Preto-transferencia/dp/B07DH6VVS1/ref=sr_1_1?__mk_pt_BR=%C3%85M%C3%85%C5%BD%C3%95%C3%91&crid=2P1H119V9RRIC&keywords=Cabo+usb+mini+b+de+1%2C5M&qid=1688495997&sprefix=cabo+usb+mini+b+de+1+5m%2Caps%2C208&sr=8-1,,,"R$ 0,00"
,,Cabo usb tipo C,,ELETRONICA,,1,,UNIDADES,,"Cabo usb tipo C de 0,5M",,,,,https://www.amazon.com.br/Cabo-Dados-Ugreen-US288-Micro/dp/B09GBGNCP7/ref=sr_1_3?__mk_pt_BR=%C3%85M%C3%85%C5%BD%C3%95%C3%91&crid=34AP7JUVQ9E53&keywords=Cabo+usb+tipo+C+de+0%2C5M&qid=1688496189&sprefix=cabo+usb+tipo+c+de+0+5m%2Caps%2C198&sr=8-3,,,"R$ 0,00"
,,Cabo usb tipo C,,ELETRONICA,,1,,UNIDADES,,Cabo usb tipo C de 1M,,,,,https://www.amazon.com.br/CABO-USB-C3-1-7697-MD-9/dp/B076J1L493/ref=sr_1_6?__mk_pt_BR=%C3%85M%C3%85%C5%BD%C3%95%C3%91&crid=N0P1UFJBDLKJ&keywords=Cabo+usb+tipo+C+de+1M&qid=1688496209&sprefix=cabo+usb+tipo+c+de+1m%2Caps%2C195&sr=8-6,,,"R$ 0,00"
,,Cabo usb tipo C,,ELETRONICA,,1,,UNIDADES,,"Cabo usb tipo C 1,5M",,,,,https://www.amazon.com.br/Cabo-USB-C-nylon-Intelbras-branco/dp/B08HM6TLXM/ref=sr_1_2?__mk_pt_BR=%C3%85M%C3%85%C5%BD%C3%95%C3%91&crid=U6OTR2H6I5E9&keywords=cabo+usbc+tipo+c+1%2C5m&qid=1688496228&sprefix=cabo+usb+tipo+c+1+5m%2Caps%2C199&sr=8-2,,,"R$ 0,00"
,,Fonte carregador ,,ELETRONICA,,3,,UNIDADES,,Fonte carregador 9V,,,,,https://www.magazineluiza.com.br/fonte-tomada-usb-carregador-turbo-9v-samsung-galaxy-original/p/heejce7be2/te/cdcl/,,,"R$ 0,00"
,,Fonte carregador ,,ELETRONICA,,3,,UNIDADES,,Fonte carregador 12v,,,,,https://www.magazineluiza.com.br/carregador-fonte-usb-turbo-730-qualcomm-3-0-15w-pmcell/p/bdg26b8b6e/cj/fnta/,,,"R$ 41,23"
,,Regua de luz,,ELETRONICA,,6,,UNIDADES,,Regua de luz metal de 6 Bocas,,,,,https://www.amazon.com.br/Megatron-FILTRO-TOMADAS-COMPRIMENTO-114483/dp/B09R521JMX/ref=sr_1_3?__mk_pt_BR=%C3%85M%C3%85%C5%BD%C3%95%C3%91&crid=1XP3QBOVA209B&keywords=Regua+de+luz+metal+de+6+Bocas&qid=1688496748&sprefix=regua+de+luz+metal+de+6+bocas%2Caps%2C338&sr=8-3,,,"R$ 107,10"
,,Fita isolante,,ELETRONICA,,5,,PACOTES,,Pacote de fitas isolantes,,,,,,,,"R$ 42,10"
,,Cabo HDMI,,ELETRONICA,,2,,UNIDADES,,Cabo HDMI 3M,,,,,https://www.amazon.com.br/Elg-HS2030-Cabo-HDMI/dp/B076JTMNFR/ref=sr_1_7?__mk_pt_BR=%C3%85M%C3%85%C5%BD%C3%95%C3%91&crid=1D8BIEUWJI32N&keywords=Cabo+HDMI+3M&qid=1688496797&sprefix=cabo+hdmi+3m%2Caps%2C209&sr=8-7,,,"R$ 0,00"
,,Pilha ,,ELETRONICA,,12,,UNIDADES,,Pilha tamanho AAA,,,,,https://www.amazon.com.br/Pilha-Alcalina-Palito-Duracell-3020719/dp/B078GSWP44/ref=sr_1_4?__mk_pt_BR=%C3%85M%C3%85%C5%BD%C3%95%C3%91&crid=30JK7X2NQN3AR&keywords=Pilha+tamanho+AAA&qid=1688496831&sprefix=pilha+tamanho+aaa%2Caps%2C205&sr=8-4,,,"R$ 0,00"
,,Pilha ,,ELETRONICA,,12,,UNIDADES,,Pilha tamanho AA,,,,,https://www.amazon.com.br/Pilha-Alcalina-Pequena-Duracell-3020474/dp/B000N8RUIO/ref=sr_1_7?__mk_pt_BR=%C3%85M%C3%85%C5%BD%C3%95%C3%91&crid=9JSYM21XQ2XM&keywords=pilha+tamanho+aaa&qid=1688496848&sprefix=pilha+tamanho+aa%2Caps%2C213&sr=8-7,,,"R$ 0,00"
,,Pilha ,,ELETRONICA,,5,,UNIDADES,,Pilha tamanho D,,,,,https://www.amazon.com.br/Pilha-Alcalina-Grande-Duracell-1003630/dp/B001TK7DMS/ref=sr_1_5?__mk_pt_BR=%C3%85M%C3%85%C5%BD%C3%95%C3%91&crid=EJ965R77GIBG&keywords=Pilha+tamanho+D&qid=1688496863&sprefix=pilha+tamanho+d%2Caps%2C195&sr=8-5,,,"R$ 0,00"
,,Pilha ,,ELETRONICA,,15,,UNIDADES,,"Pilha recarregavel Li-on 3800mah 3,7V",,,,,https://www.amazon.com.br/Bateria-l%C3%ADtio-recarreg%C3%A1vel-bateria-sobressalente/dp/B09SW4LN8J/ref=sr_1_6?__mk_pt_BR=%C3%85M%C3%85%C5%BD%C3%95%C3%91&crid=1N9MAJKCWG83B&keywords=pilha+recarregavel+litio+3800mah+3%2C7v&qid=1688497117&sprefix=pilha+recarregavel+liton+3800mah+3+7v%2Caps%2C537&sr=8-6&ufe=app_do%3Aamzn1.fos.6d798eae-cadf-45de-946a-f477d47705b9,,,"R$ 0,00"
200100112,,Fio eletrico,,ELETRONICA,,5,,METROS,,Fio eletrico 6mm ,,,,,https://www.magazineluiza.com.br/cabo-fio-flexivel-15mm-25mm-4mm-e-6mm-rolo-100-metros-2a-linha-latan/p/ae869cj770/cj/catr/,,,"R$ 0,00"
,,Fio de cobre nu ,,ELETRONICA,,5,,METROS,,"fio de cobre nu bitola AWG 33, com diâmetro nominal 0,1798.Utilizar Classe 2 - NBR 5349.",,,,,http://www.santaluiza.ind.br/produtos/fio-de-cobre-nu.html,,,"R$ 199,99"
,,Extensão de luz,,ELETRONICA,,2,,UNIDADES,,Extensão de luz 10 metros com regua de 5 saidas,,,,,https://www.magazineluiza.com.br/extensao-eletrica-10-metros-reforcada-10-10a-profissional-c-f/p/hd84483h3d/cj/extl/?seller_id=cfsolucoeseletricas,,,"R$ 0,00"
,,Bateria ,,ELETRONICA,,8,,UNIDADES,,Bateria de 9V,,,,,https://www.amazon.com.br/Bateria-Alcalina-Panasonic-6LF22XAB-1B24/dp/B076TCT2SC/ref=asc_df_B076TCT2SC/?tag=googleshopp00-20&linkCode=df0&hvadid=379787043074&hvpos=&hvnetw=g&hvrand=5028876517133208099&hvpone=&hvptwo=&hvqmt=&hvdev=c&hvdvcmdl=&hvlocint=&hvlocphy=9102260&hvtargid=pla-864699178207&psc=1,,,"R$ 65,98"
650801359,,Bateria ,,ELETRONICA,,2,,UNIDADES,,"Bateria 12v 4,0 Ah",,,,,https://www.kabum.com.br/produto/219564/bateria-12v-4-0-ah-up-alarme-f187-destinada-ao-mercado-de-seguranca?srsltid=ASuE1wQKvfNyxALoslYgNOZpbS-7NwGnkLUBCBBUdfVgodNNOzMIyermzRo,,,"R$ 0,00"
200100008,,Led,,ELETRONICA,,15,,UNIDADES,,Led alto brilho 5MM branco,,,,,https://www.baudaeletronica.com.br/produto/led-difuso-5mm-branco.html,,,"R$ 79,89"
200100008,,Led,,ELETRONICA,,15,,UNIDADES,,Led alto brilho 5MM RGB,,,,,https://www.baudaeletronica.com.br/produto/led-rgb-difuso-catodo-comum-5mm.html,,,"R$ 0,27"
200100008,,Led,,ELETRONICA,,15,,UNIDADES,,Led alto brilho 5MM Azul,,,,,https://www.baudaeletronica.com.br/produto/led-de-alto-brilho-azul?utm_source=Site&utm_medium=GoogleMerchant&utm_campaign=GoogleMerchant&gclid=Cj0KCQjwho-lBhC_ARIsAMpgMoeVoAJikW7uS0NrRN8XISDLj1CP4viab1u0v3XwXGsFNIcToAZ3LB4aAoGDEALw_wcB,,,"R$ 1,40"
200100008,,Led,,ELETRONICA,,15,,UNIDADES,,Led alto brilho 5MM Verde,,,,,https://www.baudaeletronica.com.br/produto/led-de-alto-brilho-verde?utm_source=Site&utm_medium=GoogleMerchant&utm_campaign=GoogleMerchant&gclid=Cj0KCQjwho-lBhC_ARIsAMpgMoe8mNOuQzdmS5wlF81zC5kgh17bXD4vkIVSD-i405OHQ_-jfzsE3fAaAnfhEALw_wcB,,,"R$ 0,27"
,,Buzzer,,ELETRONICA,,10,,UNIDADES,,Buzzer ativo 5V,,,,,https://www.baudaeletronica.com.br/produto/buzzer-5v.html?utm_source=Site&utm_medium=GoogleMerchant&utm_campaign=GoogleMerchant&gclid=Cj0KCQjwho-lBhC_ARIsAMpgModGlfgKfXuhCXnnALShBDTTu0PzjZWN1qhmvFp7gX6LmT3NuKZRDVYaAk4AEALw_wcB,,,"R$ 0,27"
,,Buzzer,,ELETRONICA,,10,,UNIDADES,,Buzzer ativo 9V,,,,,https://www.baudaeletronica.com.br/produto/buzzer-9v.html?utm_source=Site&utm_medium=GoogleMerchant&utm_campaign=GoogleMerchant&gclid=Cj0KCQjwho-lBhC_ARIsAMpgMod-OXfRYQZhhxbdyl9i6TQBaN-8Wg4QxUwuHdVGvjRZlFC5YoA1q7MaAmUhEALw_wcB,,,"R$ 2,75"
,,Buzzer,,ELETRONICA,,10,,UNIDADES,,Buzzer ativo 12V,,,,,https://www.baudaeletronica.com.br/produto/buzzer-12v.html?utm_source=Site&utm_medium=GoogleMerchant&utm_campaign=GoogleMerchant&gclid=Cj0KCQjwho-lBhC_ARIsAMpgMoc99v7rQT1B2f1nana_Xn283Cne-WSeNOph3qEsoqRqBwXMAN3_KQkaAtZGEALw_wcB,,,"R$ 2,72"
,,Botão interruptor,,ELETRONICA,,30,,UNIDADES,,Botão Interruptor Mini Chave Liga Desliga 12v,,,,,https://www.magazineluiza.com.br/2x-botao-interruptor-mini-preto-farol-liga-desliga-12v-10a-retangular-atacado-sn-leds/p/dfh2j7j02a/cj/inre/?&seller_id=snledscomerciodepecaseacessorios,,,"R$ 2,99"
,,Motor de passo,,ELETRONICA,,12,,UNIDADES,,Motor de Passo 28BYJ-48,,,,,https://www.casadarobotica.com/loja/busca.php?loja=650361&pg_avancada=1&erro=404,,,"R$ 3,60"
,,Rolo de PLA,,ELETRONICA,,1,,KG,,"Rolo de PLA 1,75mm preto",,,,,https://www.cliever.com/produto/pla-preto-glitter-1-75mm-1-kg-cliever-434,,,"R$ 0,00"
680300504,,Tinta Guache,,ARTESANATO,,5,,PACOTES,,Kit tinta guache 15ml 6 cores,,,,,https://www.armarinhosaojose.com.br/tinta-guache-acrilex-ref02020-15ml-com-06-und.62152.html,,,"R$ 79,71"
,,Cerrote ,,MARCENARIA,,1,,UNIDADES,,Serrote De Costa 14',,,,,https://www.amazon.com.br/Serrote-Plástico-Black-Jack-C107/dp/B0777RQWZM/ref=asc_df_B0777RQWZM/?tag=googleshopp00-20&linkCode=df0&hvadid=379804627379&hvpos=&hvnetw=g&hvrand=11826365902595565781&hvpone=&hvptwo=&hvqmt=&hvdev=c&hvdvcmdl=&hvlocint=&hvlocphy=9102260&hvtargid=pla-1153529200960&psc=1,,,"R$ 8,69"
,,Sargento,,MARCENARIA,,2,,UNIDADES,,Sargento Tipo F 300X120X365Mm,,,,,https://www.magazineluiza.com.br/grampo-sargento-para-carpinteiro-tipo-f-300x120x365mm-sparta/p/ac095hgd05/fs/gpdf/?&seller_id=oliststore,,,"R$ 0,00"
,,Morça,,MARCENARIA,,2,,UNIDADES,,Torno Morsa De Bancada 40 Mm,,,,,https://www.amazon.com.br/Torno-Morsa-Bancada-Code-Sparta/dp/B07X3BXKD7/ref=asc_df_B07X3BXKD7/?tag=googleshopp00-20&linkCode=df0&hvadid=379804594508&hvpos=&hvnetw=g&hvrand=17159618118763906002&hvpone=&hvptwo=&hvqmt=&hvdev=c&hvdvcmdl=&hvlocint=&hvlocphy=9102260&hvtargid=pla-900000896806&psc=1,,,"R$ 47,41"
,,Solvente,,MARCENARIA,,2,,UNIDADES,,Solvente 900ml,,,,,https://www.magazineluiza.com.br/aguarras-especial-montana-900-ml/p/eeejdkjcdh/cj/agus/?&seller_id=jrsmateriaisdeconstrucao,,,"R$ 0,00"
,,Nível,,MARCENARIA,,1,,UNIDADES,,Medidor de nivel 39cm,,,,,https://www.magazineluiza.com.br/medidor-de-nivel-para-construcao-40-cm-barc/p/df5a37863k/au/pmau/?&seller_id=redsegeletronicos,,,"R$ 24,00"
,,Alicate,,MARCENARIA,,1,,UNIDADES,,Alicate de pressão 10,,,,,https://www.amazon.com.br/Alicate-Pressao-com-Mordente-5RO/dp/B0777QVMH5/ref=asc_df_B0777QVMH5/?tag=googleshopp00-20&linkCode=df0&hvadid=379699300471&hvpos=&hvnetw=g&hvrand=15222057315083503191&hvpone=&hvptwo=&hvqmt=&hvdev=c&hvdvcmdl=&hvlocint=&hvlocphy=9102260&hvtargid=pla-846836399020&psc=1,,,"R$ 19,90"
,,,,,,,,,,,,,,,,,,"R$ 0,00"
